{"time": 1716407848,
"camera": [0.500000,256.498993,0.500000,0.405390,255.471970,-0.723220,0.000000,1.000000,0.000000]}