{"time": 1718166661,
"camera": [0.977289,100.499001,2.721442,0.625165,100.209892,4.255202,0.000000,1.000000,0.000000]}